"","sample.1.10000..l..replace...F.","sample.1.10000..l..replace...F..1"
"EGF",8876,7747
"HAMP",269,3570
"ULBP3",9682,9886
"FOXD2",4335,6611
"DUBR",1151,2906
"PPP1R1B",6286,9350
"TDRP",7903,6467
"PSMB9",8223,3613
"ZNF98",7205,6796
"EXPH5",7082,3920
"BEND7",2339,4199
"HSFX2",9264,1190
"TCP10L2",3484,727
"TPSB2",8266,5374
"SDR16C5",5680,2297
"SLC25A3",7528,4537
"C1orf116",8732,6725
"WNT4",5485,2141
"DNAH17",7266,4142
"PTGDR",7077,6089
"PRDM16",1613,4580
"LAPTM5",1148,937
"MYL9",4982,4785
"ZNF774",6798,3803
"CD3D",3567,7514
"FBLN2",4764,8158
"RALGPS2",2413,1601
"CYBA",9782,7152
"CCL8",6456,7292
"OR2C1",7251,6384
"CSF3R",3117,5856
"CNTNAP2",1074,7011
"SCN2A",9993,2623
"ARPC2",1273,8269
"DLG5",2585,9643
"NLRP14",6146,6003
"IFITM3",7133,576
"CD83",768,7790
"GSTP1",3754,3904
"ZNF549",723,4109
"LIPH",2025,2316
"PF4V1",3817,2983
"FBXL2",5396,810
"BMX",8901,963
"FBXO15",4244,4151
"CD99",5565,5397
"CD3G",4741,3124
"MYL6",26,7865
"NCF1",2612,5521
"SRSF7",543,3884
"ACOXL",1058,2675
"COL27A1",2219,7200
"CXCL10",518,5127
"SAMD11",7104,5793
"PCDHA4",5074,2576
"GREM2",6166,9017
"CYP7A1",1504,5480
"KIR2DL1",2248,1490
"GZMM",7351,9476
"BTG1",8311,6988
"FAM78B",3708,1403
"REEP1",5933,9363
"FAM66E",7206,2852
"SPI1",6114,5166
"HOXB13",3594,2710
"C1QA",6926,8035
"NCF2",4986,6187
"CR1L",4928,4097
"CYP4X1",2437,2382
"EVL",9139,825
"EFCC1",3385,8480
"TPM2",5690,4693
"EGR4",4262,2451
"GPR15",4557,5201
"RHOB",5105,4925
"ELOVL7",3114,3359
"NIPAL4",6375,7917
"CLEC9A",8037,1407
"ADGRF5",7220,638
"FAM180B",9890,2881
"CCL2",4016,7582
"NOX4",8124,6058
"UCP2",2577,5264
"FAM149A",5704,1351
"PTPRG",4273,4843
"CHRM3",3639,1331
"PEAR1",5766,9133
"ZSCAN4",2869,1084
"LURAP1",8906,8230
"RGS1",6096,2820
"MESP2",5445,8242
"ARHGEF15",9184,9053
"VIL1",7673,4148
"HBQ1",3037,9484
"EPCAM",9091,7410
"WNT16",1278,7083
"RERGL",5975,503
"SLC10A4",2459,2187
"C2orf88",8642,9018
"SLC13A4",1827,375
"HES5",6676,6918
"ALDOA",2870,2632
"LGALS1",6184,3931
"TUBA8",9903,6167
"CHSY3",8684,48
"AMY2A",1456,6271
"KCNK12",1261,6382
"CLDN1",7396,6266
"ARPC5",8517,8286
"SRSF5",1744,9878
"SCT",4989,178
"S100P",8005,399
"PLEKHH3",4454,5186
"SLX4",9100,4602
"MS4A7",3118,9506
"SPATA4",7099,2962
"C1QTNF1",5603,3345
"HGD",3054,1757
"ZFP36",7554,348
"GSTK1",6051,6444
"MAOB",3735,9501
"LGI1",3773,6723
"RPL23",1274,4530
"PLPP5",1615,204
"LEFTY1",1799,9449
"PTPRS",191,6832
"CD7",7723,410
"ITGB6",7075,6772
"ISG15",5059,411
"TNFRSF13C",9643,6083
"FHDC1",4132,3766
"FNDC5",331,6853
"OR52H1",3981,1717
"GPSM3",198,2426
"ABLIM3",6167,1108
"DCSTAMP",9508,4927
"FAM170B",4825,1919
"S1PR5",6594,9906
"C5AR1",5739,1053
"IDI2",6405,3484
"RPL3",1489,2712
"KLHL29",3540,3250
"GH1",926,6071
"GALR3",5592,5744
"SRRM3",5033,9585
"CLU",4326,9819
"FGF12",7176,8390
"KCNG1",3693,5747
"STON1-GTF2A1L",2158,7909
"HES1",7935,1447
"SAMD7",2125,7283
"SATB2-AS1",5077,9850
"RAC1",3313,2406
"UBE2C",838,8933
"HRC",4323,5639
"RPL3L",8849,2321
"GLRA3",6883,8959
"S100B",9664,8969
"TNFSF13B",6837,5820
"NPC2",8304,2917
"RNF130",2781,4115
"SERPINA1",4858,3901
"CNRIP1",8366,9983
"CD36",4117,5187
"CCL4",5965,3447
"CTAGE4",3655,1902
"SRGN",4652,6629
"IFI27",8275,7589
"DSEL",3660,2736
"COX7C",1599,3473
"SH2D1B",1329,1849
"CXCL8",2416,2415
"SPTSSB",1085,1819
"ANXA1",8552,6429
"LMNA",1391,9257
"PDGFA",8528,9158
"RHOC",4955,4350
"PTGFR",6630,5467
"IL32",5641,4984
"NECAB2",8875,5189
"LDHAL6A",1133,8554
"TMPRSS15",3819,6482
"CD72",6526,6868
"SOX15",6469,6543
"CCL5",2649,5732
"COX7A1",9424,1952
"FOSB",8996,7961
"CNBP",7879,3785
"SAG",8932,9482
"ITM2C",9045,7556
"MOXD1",2210,3992
"LIMD2",1851,9522
"GPC4",2747,5738
"FOXM1",6437,4324
"UGT2B4",3076,3732
"HBA1",6601,4175
"S100A8",6358,615
"IER2",8925,5871
"BLK",5644,4092
"CD74",8401,7045
"CD53",4399,4194
"GALNT13",1902,2837
"CDH15",2491,5794
"SPIB",6266,8404
"ID2",5571,9203
"OC90",4563,1487
"ATP6V1G1",8824,8878
"ALOX12",714,8607
"HCG22",2345,9928
"KRTAP5-8",8380,4056
"TSPO",701,3241
"MS4A2",5275,1112
"SERP1",5332,1415
"PSMA7",6141,7503
"PLAUR",7435,3974
"SERF2",3189,2625
"TRIM45",520,9822
"RPL34",5472,8601
"RGS2",9466,7180
"ACTL7B",259,3021
"HUNK",8951,1795
"GAL",1455,3365
"C1QB",9848,481
"TYROBP",5463,1474
"CTSG",3990,7418
"FGL2",6310,2715
"CAV2",3963,7685
"C1orf162",9074,722
"PROX2",6078,4000
"COLCA2",3062,5338
"ELFN2",8222,26
"PDE5A",7286,7857
"TCF7",3267,9187
"TMEM54",8295,5819
"CABP7",7068,1850
"ABCC2",1855,4157
"OLFML1",7813,376
"SPINK9",2279,2288
"FGF18",5213,1783
"IFITM2",2710,7407
"NUPR1",4638,4872
"IFI6",1501,1983
"SLC6A13",3682,5313
"PRG4",8952,3316
"CCL20",1601,8954
"TULP1",2882,5036
"IGDCC4",9461,2104
"PSME2",4317,4472
"NKX6-1",376,9129
"C1QTNF9",8216,1649
"PSME1",2433,3580
"CD302",8924,8396
"GNG11",4925,5256
"CTTN",2927,7460
"FAT4",9789,4982
"ACRBP",3824,9645
"PGM5P2",9201,853
"FTH1",6342,8946
"PDE3A",3077,6258
"CFHR1",6709,7880
"SPARC",4605,2920
"RAMP1",6140,7804
"HBA2",2028,2521
"HLA-DPA1",6350,5367
"SPON2",8369,3632
"ENKUR",4818,508
"PLAC1",1735,4523
"P2RY12",1030,8818
"NEUROG3",9716,889
"XIRP2",8957,6595
"NFATC4",6189,3057
"S100A1",7135,5276
"PITPNM3",6085,1764
"VAMP8",6361,9768
"TPSAB1",6323,1262
"CIRBP",1712,9571
"FCER2",5578,601
"GABRB1",4774,5579
"BTBD16",540,6875
"RGS11",5621,6035
"HLA-DRA",5800,5052
"PDZK1IP1",5834,1548
"GZMA",9608,5421
"FOS",9030,6527
"BHMT",4344,7084
"AS3MT",7115,2868
"CCL3",393,2860
"EGR1",7405,8615
"IGSF1",8096,6412
"RTP5",7617,2444
"MGAM2",8964,3177
"FXYD5",5477,6109
"ARPC1B",1345,719
"PRSS23",1344,4618
"EVC2",3038,3374
"SNCAIP",7746,4246
"SLC7A10",4941,3188
"LSP1",5676,5636
"GALNTL6",767,4201
"INSL6",6336,3336
"KCNRG",6298,1303
"C5",1237,5520
"LINC00632",231,4946
"TALDO1",9835,5809
"AMDHD1",5265,8015
"RPS21",8404,1710
"IL22",1396,2841
"TSC22D3",1136,361
"SCRG1",153,3412
"A4GNT",3518,8868
"CD19",5129,9554
"CACNB2",7486,8611
"CYP1B1",6400,7988
"EMP2",2796,2885
"KLF14",8082,6535
"THBS1",408,5745
"PROS1",4864,3414
"DHRS2",9698,763
"NXF5",7652,5046
"CD2",9757,3982
"LINC00926",6997,2970
"ARMC3",6215,3637
"CTXN1",3794,7126
"PMCH",8177,4286
"IL3",4893,3802
"FSTL1",536,2190
"TRGC1",3056,4642
"ADRA2A",8084,8463
"SLC44A4",7277,6913
"ITGB3",6752,1435
"SYT6",7533,6079
"ADM5",1017,2884
"SPATC1",511,1656
"PPP2R2C",3173,4880
"TAS2R43",7924,5069
"NOSTRIN",5840,4043
"NANOS3",8020,3769
"LRRC8E",1138,5417
"TUBA1A",3736,6423
"SEMA6C",4018,944
"LILRB1",4527,9528
"SLC8A3",4918,3218
"TRPV6",2523,2223
"LYPD2",8854,3670
"IL13",3219,1240
"KIR3DL2",268,2511
"NXPH3",4962,1936
"ABCA6",5741,2256
"GZMK",9572,4315
"CLDN5",5516,7561
"ROR1",8764,8700
"DDX5",8474,7326
"PPDPF",5016,4706
"KLF2",8247,4512
"TARM1",9010,5921
"ERICH5",8891,5523
"CD52",7632,9551
"S100A11",3534,6335
"SH3BGRL2",5498,8725
"HLA-DQA2",1790,1551
"PCDHGB5",4536,8268
"CXCR4",2645,6425
"TCL1B",1581,6838
"CDKN1A",7398,3864
"LRRN4",5470,3342
"SERPINF1",2760,417
"RUNDC3B",9106,23
"SUMO2",3883,5151
"MNDA",6632,2165
"YIPF7",8562,821
"LYZ",2200,9066
"GATA2",5006,4723
"RPS27A",676,3908
"LRRC32",3923,1558
"FCER1G",2638,8038
"MUC16",3537,5051
"ANKRD45",3914,1612
"CHRNA7",307,7825
"TMEM95",5607,9752
"NRN1L",3487,7356
"GREB1L",2802,7610
"FRK",5182,5289
"C1QC",3578,2101
"APLP2",9507,5304
"CCL7",9662,4278
"EEF1B2",6044,9877
"AKR7A3",9940,728
"JUND",5036,9653
"CPB2",2974,5687
"NCAM1",1298,1136
"BPIFB2",6890,9355
"NAMPT",8928,4944
"TRAPPC3L",8309,8471
"RIMS1",4026,7948
"SPATA32",322,94
"GNG8",1748,3315
"HYKK",6126,6278
"LRRC43",3489,5241
"CYBB",9408,3211
"TBR1",2008,3165
"TBX2",2034,3429
"KLRC2",1082,4399
"S100A9",1907,2932
"TNF",1784,7425
"FAIM2",2801,2764
"MS4A1",3724,2191
"PCDH9",4366,1061
"EPO",4321,9397
"MST1R",9871,3800
"KLF6",1008,9326
"OXT",8238,3780
"AP1S2",3188,392
"ADAMTS1",1511,2379
"SOX4",9251,8431
"IL1B",3232,2590
"TBX21",5750,7448
"KIF24",4469,6073
"LINC01565",4252,8744
"CTSD",6098,8620
"LEF1",3120,5720
"FPR1",8174,5807
"RPS5",422,3033
"TKT",4572,5358
"KRT23",8885,7944
"BHLHB9",1213,8608
"PPFIA4",7415,9799
"GPX1",3040,3070
"CLEC1B",2902,9701
"C22orf42",4325,879
"LCK",615,947
"CTRB1",5725,4915
"TCP10L",5781,2923
"PKD1L3",9827,8289
"LINC00598",3804,1383
"TIMP1",4555,584
"CLDN11",8598,699
"LDHB",5239,243
"GNLY",5611,3255
"PCDHGC4",2947,3482
"CDC42",9703,6744
"SFTA3",299,156
"SPDYC",2267,8105
"TMEM150C",8475,2166
"IRGM",8028,8486
"HVCN1",5635,7701
"EEF1G",3723,7578
"GNG4",3358,6785
"CFP",6628,3426
"PFN1",4767,463
"CDA",4841,2414
"GZMH",221,2953
"THSD7A",2706,9923
"NBEAL1",2017,931
"IL7R",2069,1033
"LURAP1L",4182,3958
"ACTG1",254,9732
"FOXP3",1160,3098
"GATA1",7754,2799
"KIR2DL3",8886,1879
"LYAR",8551,1304
"CXCL17",7730,7546
"EIF3K",6797,505
"GFI1B",5133,4510
"SCN4B",585,6314
"PDZD9",5118,7415
"ASAH2",5010,6774
"HNRNPA2B1",9400,4859
"RNASET2",9282,888
"TEKT2",2948,8749
"TAS2R46",9150,1103
"DNAJC18",8263,8722
"HSPB3",1741,432
"HSP90AA1",4372,9772
"SSR4",3772,6270
"HLA-DQA1",4461,8440
"CFAP65",1765,1863
"PCDHB9",2235,4230
"NR4A2",1269,7515
"GJC3",9306,8873
"HINT1",9244,1675
"BCAS1",2784,9311
"CXCL13",4144,6532
"SLC7A9",6443,9169
"IGFL2",7786,9792
"S100A4",4380,3726
"KCNIP4",6101,6567
"ANKRD65",214,4830
"HCN4",7706,180
"TXNIP",5309,2613
"CD68",5263,1633
"OR2B6",6062,7518
"ATP2C2",2441,2035
"ENTHD1",9047,7085
"GPR141",7961,8150
"RSPH9",1227,2105
"TIGD7",515,6054
"SLC4A1",8970,1031
"PHLDA2",154,415
"EREG",4429,5165
"RBM3",9195,2033
"GZMB",718,6518
"CLCN2",7150,9991
"GSTA1",5203,8904
"UPK3B",4701,5657
"TIGD4",8636,1751
"MYEOV",9687,7630
"HPX",3709,2043
"HEATR9",7074,4269
"PPP1R14D",6844,2220
"CD24",9843,5087
"NPM1",5944,4567
"CD48",7932,9498
"ARC",8661,8760
"CAMK2N2",595,9000
"VIM",3171,5855
"ERP29",4357,3630
"RAC2",1027,6340
"COX6B1",8382,9221
"CD160",6027,4989
"BEND2",5929,9657
"BTC",7871,4852
"RAPGEF5",4346,865
"LRRC10",6543,2132
"IZUMO1",2105,9071
"HTR2A",8145,6947
"STEAP1B",369,2481
"RGS6",3528,3683
"MIR503HG",4665,5925
"APRT",5420,2006
"SCGB1C1",6591,8829
"CORO1A",304,4655
"SARAF",7232,2322
"RBP4",6992,4804
"LDHC",9009,8174
"HCST",6835,1327
"CLRN1-AS1",8095,6974
"CD69",886,5231
"ESRP2",4641,9237
"COTL1",7046,5649
"ST7-AS1",125,7282
"SGSM1",9928,2781
"MYO3A",5132,9510
"TUBB1",1648,5552
"SPTB",8186,6667
"VLDLR-AS1",5736,4707
"GTF3A",4042,9042
"JUN",2411,9621
"RPL39",8010,9593
"TMCC2",7921,8769
"CD79B",1433,8260
"ZFP36L1",3971,1230
"UBC",9057,5616
"C2orf78",513,8330
"ITGAD",9313,2500
"TCL1A",2463,9377
"NKX2-3",5514,8524
"ACY3",2141,8515
"PLEKHA6",4013,9662
"SYCP2",6057,4256
"ARG1",3460,7979
"PF4",8106,8682
"ZNF80",2306,6740
"LHFPL1",8243,9278
"GPC6",3478,7621
"HLA-DPB1",9762,6010
"DERL3",6197,8567
"GUCA1B",9346,292
"KCNC1",1629,4541
"MYL12A",8655,5836
"APOBEC4",1241,58
"SLCO2A1",4961,7983
"LGALSL",3216,7214
"PTGDS",6882,5623
"ARPC3",5686,393
"CD8B",603,578
"PRKG1",2364,3664
"PDGFRA",1719,6118
"PLEKHS1",6575,2446
"KLRC3",9659,2678
"HOXA13",1726,4757
"DRD3",2732,3117
"PTPN3",2374,2453
"LRRC4B",6242,8484
"FSTL4",4250,7445
"FMO3",1194,7038
"ZC3H12C",1949,7814
"NR4A1",3191,5451
"RARRES2",8640,546
"GPX4",2806,3907
"SELP",6422,4131
"PRF1",3011,9519
"IFNG",1519,9691
"LRRC18",3146,2476
"ABCA10",5151,2918
"LCN12",3922,7363
"SYTL4",2845,1280
"BDNF",4343,249
"YBX1",8643,736
"ZSCAN1",8572,8701
"RETN",5223,9902
"GMFG",913,9762
"DUSP2",8116,4444
"C2orf50",35,5378
"ADARB2",1243,7205
"CHL1",1880,2455
"TIMP3",5248,371
"THEM5",3320,483
"TSC22D1",4863,98
"CYP7B1",3591,5098
"NOSIP",3435,3498
"F7",3932,3525
"CLEC10A",9770,4224
"NNMT",2046,532
"VWF",1463,741
"CHRNB4",9868,7444
"CEBPB",6912,1933
"IYD",6586,2137
"FOXD4L1",6058,1390
"MEIS1",2003,5725
"PRSS57",218,9324
"CLEC6A",2636,2318
"UNC5CL",6445,213
"SEC14L5",4073,35
"AQP10",8650,4873
"PTCRA",6159,6477
"NDNF",276,9720
"LCN2",8429,7327
"PHOSPHO1",5951,3451
"KL",7419,3263
"MCL1",2775,4298
"PPP1R15A",8919,4029
"DKKL1",7926,6442
"TTYH1",73,252
"ADH6",9000,7848
"GIMAP7",5464,5592
"RPSA",1685,1977
"SMOC1",7449,3820
"CHCHD2",6259,964
"GML",5819,7853
"TYMP",8267,548
"THY1",6436,7479
"ATF3",3156,1923
"LY6E",7364,7599
"KBTBD12",2841,7795
"GABRB2",5868,2034
"TNFSF4",609,495
"CCNI",3228,3834
"TRAF3IP3",1301,5316
"LINC00092",9709,6805
"IFITM1",9056,754
"PLAC8",5782,9166
"C1orf87",9937,9351
"CPVL",4821,9341
"PRSS33",7374,7615
"FGFR2",8379,554
"MALAT1",9736,2737
"INSRR",8767,5526
"ROM1",6932,4806
"APLP1",4884,3799
"FKBP1A",9401,2362
"CCL23",8396,8052
"NAALAD2",7656,4248
"SCGB2A2",696,2332
"MAP3K7CL",5001,1639
"PRR18",285,6821
"SMOX",8510,7433
"S100A6",4211,9273
"SORCS2",6891,118
"DUSP4",1818,7381
"GPC1",5898,39
"TUBA1B",7481,2890
"GABRR2",5531,882
"GLIPR1L2",657,1545
"TRPM1",6382,2615
"CMC1",4772,8961
"IL17B",4153,9550
"DUSP15",4348,4431
"ADCY1",1470,6381
"BST2",8236,1210
"IFI30",3607,265
"SCGB2B2",1055,8970
"NFASC",9393,839
"GPRASP2",5542,14
"CACNA2D2",346,7234
"CRYBA4",5783,9487
"SORCS3",4059,8872
"MCF2",5554,9226
"ID3",2136,1821
"CAPN5",9214,9626
"PNLDC1",6338,3519
"FAM81B",5300,9127
"SOX2",459,7361
"ANXA2",5110,786
"SLC2A3",4661,2761
"DMRTA2",7349,820
"ACTRT3",3108,1404
"RPL36AL",8781,7976
"ZNF683",2862,2568
"RPS27",9891,9288
"SLC38A4",21,2484
"C12orf57",1553,67
"ATP6V0A4",9897,3718
"BSN",6246,9035
"SLC2A5",6913,210
"TTC30A",8160,1687
"GP9",9681,7227
"PTPRF",4202,4294
"MS4A3",9496,7644
"NOXO1",8707,8807
"MYRF",9771,2629
"CCK",5673,5321
"TRIM58",201,6061
"MYL2",7967,2725
"CYP19A1",2242,93
"KLK2",1303,1532
"CNTNAP1",2963,7432
"ESCO2",866,9232
"HOPX",7352,5351
"CUZD1",499,6600
"EPS8L3",104,37
"AIF1",1320,3235
"F2RL3",9654,4502
"PVALB",3751,607
"AHNAK",9409,8767
"ITGB5",2698,6104
"PLBD1",1649,1759
"AURKC",7741,3699
"EDARADD",9094,6126
"PGA5",365,4460
"UGT8",6690,7740
"LAIR2",9532,8123
"PRSS8",9702,6434
"THSD4",7679,2080
"PKP3",6557,3307
"WNT1",8938,142
"CTAGE6",183,1281
"MYL12B",4631,4336
"SEMA3G",8993,9468
"ITIH1",6670,2267
"CEBPD",1499,2307
"AK7",4248,1430
"RRAD",5380,2181
"IL2RG",1155,1868
"RAB9B",6056,9706
"AFF3",8931,823
"PILRA",6020,3444
"ITGB2",799,2914
"JUNB",8788,1949
"GPRC5A",4071,4973
"IGSF6",3379,2577
"KRT15",7849,1583
"ZNF727",4940,5389
"ENO1",7505,7246
"CFAP61",9672,5025
"SRMS",9338,4416
"CABLES1",9076,3396
"PRRG1",553,8385
"COMMD6",2162,9091
"FZD4",7669,5545
"EIF3L",7468,7873
"CD79A",5580,5464
"SLC25A6",9498,4895
"ZNF99",781,2743
"EDF1",8121,4847
"NOL4",4119,324
"ISG20",7213,7155
"NKG7",7388,3457
"FAM166B",9142,7475
"HLA-DRB5",9908,8733
"S100A10",5107,240
"CRIP1",1850,8734
"CD247",8443,5305
"SOBP",8736,6606
"PARD6G",6137,2027
"PROM2",3262,7534
"GLYATL1",1024,2473
"IL3RA",1594,3741
"CFAP221",6903,9031
"NCR3",6531,9660
"LILRA4",828,3512
"CRIM1",8658,6432
"SNRPD2",5809,518
"HSF5",5844,8671
"CD22",750,3325
"CLIC3",3893,3690
"COL1A2",6791,8267
"ACHE",6389,5710
"CLIC1",2563,4764
"OPRK1",5650,1796
"MAB21L3",4471,3727
"CST7",8686,1724
"LRRC26",9957,801
"GYG2",4628,9080
"RPLP0",5553,9398
"SLFN14",3296,4330
"CCNA1",974,4509
"MEG3",568,2620
"ADAM28",8178,5147
"TMC5",59,2689
"BHLHE22",9354,3276
"RASEF",4104,5544
"TTC38",2921,5627
"ARHGAP6",7728,8798
"CXCL1",2355,6173
"CXCL9",644,1468
"SLC35G6",2626,1711
"OST4",4278,1464
"LGSN",2700,6593
"GARNL3",1862,5144
"HES2",9064,3520
"XCL2",2930,6383
"AKR1C3",7339,7147
"SELL",1929,9556
"ADGRG1",4581,4371
"STK33",9919,1540
"TIGIT",1026,5621
"CCL4L2",4929,990
"TMEM40",4599,3782
"LIPG",1789,8916
"UPB1",9564,8329
"TRO",4954,6223
"GLI3",2362,9942
"OCRL",6963,9045
"EMILIN3",1091,2683
"ITGA2B",3565,8274
"CST3",5381,1205
"ADM",207,4564
"XDH",8527,5981
"PITX1",2896,3066
"HCRTR1",7598,8622
"KCNB1",439,8858
"FANCD2OS",4228,9738
"CLEC4C",9378,472
"AKR1B15",921,4871
"KLRD1",6032,1353
"GRHL2",7137,693
"PNCK",4048,5518
"POU2F3",3617,1620
"XCL1",6292,3
"DNASE1L3",6007,8103
"LCP1",5932,6447
"PABPC1",8673,7012
"VPREB3",6193,2225
"RBP7",7940,9183
"SAT1",3679,1377
"LRRC66",5296,8674
"CDKN1C",27,7267
"FAM138E",4694,2691
"NLRP9",7390,4356
"GJB2",3066,31
"RNF39",4850,9954
"TSPAN13",6182,3378
"BVES",9320,7138
"CFAP161",6499,6283
"TMEM252",9372,7624
"CMTM5",7414,1082
"IMPG2",2371,7547
"CPLX2",4634,1127
"CDHR1",6488,6124
"CD8A",248,6854
"RAB19",3770,4617
"MFSD2B",5286,3700
"AGAP2-AS1",1228,8745
"TSPAN9",7659,1610
"MIOX",1604,6397
"TEKT5",6325,7840
"RRM2",3811,9431
"SEMA4G",5490,34
"TMPRSS5",1177,6222
"SLC3A1",9612,2106
"KLRG1",6105,4570
"MATK",1400,9456
"ZNF334",8969,8331
"CAV1",3160,6325
"HBD",6041,8290
"DAZL",3128,9557
"HDC",3686,8078
"CD14",8608,5400
"C3orf52",9399,3126
"IL2RB",8701,1043
"MAFB",3407,2750
"OCM2",3731,1653
"MZB1",5127,2555
"SLC24A5",4797,1664
"EIF3G",8488,1461
"IRX3",1166,4363
"TOMM7",7262,132
"HMGB1",6438,5252
"DSG2",4102,930
"PPP1R14A",7014,2796
"KRT1",8585,1714
"DTX1",5422,4770
"PTH2",4530,4841
"SPOCD1",8499,6732
"CPA3",8332,6843
"VCAN",7085,4302
"TNFAIP3",2086,1609
"ACSS3",9921,1224
"EIF3H",3867,8251
"TREML1",9930,4801
"TRIM71",9991,2021
"LRRD1",2274,720
"AZIN2",330,630
"GP1BA",8737,8368
"OXTR",7553,7053
"LST1",2419,9546
"DYTN",4934,3431
"COL5A1",8846,982
"FCRL1",9432,2111
"MRAP",3493,4858
"PKDCC",9464,4673
"PCDH11X",6200,4208
"C1orf127",7324,9695
"KCTD14",3841,9027
"DIRAS3",8718,4963
"GABRE",3110,6675
"CAMSAP3",205,4966
"ITM2B",8282,4319
"NFKBIA",6170,1986
"EEF2",3091,3084
"KIR2DL4",3572,8953
"AVPR1A",5749,2371
"ANTXR1",3419,7709
"IER3",9435,6062
"FCER1A",3496,8438
"DUSP6",8046,5369
"TNFAIP2",6532,5968
"FBLIM1",6391,9536
"CFD",4291,701
"NRIP2",4236,3944
"WNT7B",4671,6763
"ANXA3",4649,3427
"CXCL11",6937,2810
"TCN1",8071,7761
"MME",5372,3896
"TYMS",8098,269
"CALD1",3,2495
"ZNF662",4311,9034
"LRRN4CL",8191,5349
"KLRB1",7065,7025
"RHOA",4647,3794
"ATP12A",2807,6931
"TNFRSF11A",5483,6677
"PLD4",8306,5827
"CES1",1583,1133
"CXCL3",698,9265
"CITED2",803,3662
"CTSW",7560,7021
"SLC52A1",1871,6141
"MEF2C",4761,5364
"ATP6V1G3",5217,1255
"STXBP2",8869,3443
"PNRC1",274,1701
"IFNK",2127,1032
"PPBP",5399,6764
"PPIA",7079,3462
"FGFBP2",7358,7632
"LGR5",8839,5263
"EIF3F",9768,8086
"PIH1D2",5985,9996
"METTL24",5224,9966
"CHST8",281,2172
"EIF4A2",2341,3269
"KRTAP4-12",7208,6045
"CTHRC1",6620,6426
"SSR2",2379,4635
"DNAH6",4560,8551
"BRK1",2038,350
"OAZ1",9419,3122
"TAGLN2",1328,3238
"GAPDH",4944,8531
"ID1",7705,1137
"HLA-DMB",1308,3153
"MFAP3L",7022,2275
"CCL27",326,6371
"HLA-DQB1",4565,3997
"NUAK1",5806,9156
"LTB",618,7437
"MARVELD3",5158,4169
"GABARAP",5063,3491
"TNN",4788,4668
"NPC1L1",226,1738
"CDHR5",1422,3609
"KLRC1",2043,9160
"LIPJ",2000,6803
"KLRF1",5639,3565
"CACNA1C",9675,7099
"MARK1",5060,6262
"SNHG22",8537,4906
"RTKN2",2197,1867
"APOBEC3A",1280,8730
"TRPC5",9676,2231
"MAP1LC3C",6305,2261
"SLC25A5",1270,3233
"IRF8",1653,3987
"HLA-DMA",8465,5453
"S100A12",4736,1436
"HLA-E",1168,9673
"RARRES1",3738,2946
"BTNL8",2583,4412
"CPT1C",4050,9907
"NSUN7",3997,2813
"WNT9A",1186,6374
"HNRNPDL",4025,6290
"ESR2",9980,7158
"NTRK3",428,725
"RGL3",6283,7075
"PPAN-P2RY11",8217,8198
"CALM1",5193,659
"VAT1L",7485,6441
"GIMAP4",4903,9181
"TNS1",424,3384
"TPI1",8828,3433
"CXCL2",1256,8244
"ZFP36L2",3982,9464
"HCK",2983,4685
"OR1L4",6303,9661
"CCDC63",1207,9245
"NPAS3",4080,7999
"BOK",152,6573
"RBFOX2",4739,8947
"RPA4",1838,7956
"BANK1",6240,1648
"PCDH11Y",8171,9603
"CNGA4",6724,5213
"MYCT1",3286,7285
"IGFBP7",726,1459
"KLF4",7917,9220
"GPRASP1",3035,794
"ZNF713",888,3017
"SLC26A1",4028,4511
"ACTB",2172,2887
"LGALS3",3179,8188
"DNAH2",1466,9681
"ZSCAN23",7780,8683
"TMA7",5232,907
"PTPRCAP",7147,5538
"KHDC1",7191,9977
"HLA-DRB1",915,5244
"STON2",2868,5930
"FCRLA",1797,5965
"FCRL6",6878,6786
"ATP1B2",300,408
"TMPRSS7",9483,473
"DNAH12",6461,1599
"RPS4Y1",8333,2146
"IL17REL",2340,8256
"UBB",4406,1233
"SPX",898,2659
"NFKBIZ",4719,4728
"CSTA",2945,7815
"FCGR3A",4419,4691
"GADD45B",3889,1424
"LINC00310",2623,5429
"HSPA8",9657,5130
"ARHGEF38",4038,9624
"CD37",5964,1991
"B3GALT5",7328,8049
"SFTPB",8682,7079
"LGALS2",8775,3620
"ACSM6",2813,5772
"UCHL1",4725,6997
"BTG2",9583,4227
"MYH11",5999,9558
"GRN",4868,9843
"GLYATL2",7976,1442
"TM4SF5",8206,9387
"FZD8",368,5038
"PROC",6168,5275
"PPIB",5426,7019
"PHF24",5726,5126
"WNT11",1510,4067
"SPATA17",946,5822
"HBG2",8428,2325
"OTOF",7855,6659
"NXPE1",7777,2373
"ARHGAP8",4237,498
"FCRL5",1759,4066
"MRC2",4184,4810
"CFL1",2779,1948
"MSX1",9218,8060
"EDNRB",7544,5416
"SLC11A1",2570,5796
"KIR3DL1",7305,6368
"PRRX2",6439,5002
"PLCH1",3305,6547
"G0S2",6972,1715
"CLEC7A",564,2602
"RPL36A",3293,732
"BCAN",4214,2901
"DPPA3",831,8317
"HIGD2A",9300,1750
"FTL",1746,8822
"ORM1",89,4751
"DNAJB1",5076,3843
"NEURL3",1892,7736
"LIM2",6409,605
"JCHAIN",8139,2466
"SLC22A15",6619,6591
"PSAP",3454,5193
"LY6G6F",7084,1006
"DTX4",2941,7832
"MS4A10",7108,230
"PAX2",4490,3261
"BDKRB2",2305,919
"TCTN2",6104,7708
"TNNT2",5101,8841
"DUSP1",6944,247
"MS4A6A",5040,1502
"PRB3",854,6660
"CLVS1",969,3509
"ESAM",5087,3486
"NPFF",6872,2293
"TEX11",9147,9594
"ASB14",4486,4310
"NTM",3915,2873
"CD3E",3451,5197
"SYP",2467,2061
"EVI2B",406,6204
"CCNO",7217,9852
"RHBG",2856,3995
"PYCARD",4125,2291
"NCS1",3764,1966
"GPHA2",798,7842
"CTSS",2493,5524
"SIX3",8975,3563
"PRELID1",1852,4473
"IL6",1204,6905
"EMP3",2249,8126
"KRTAP5-10",7751,1882
"VWC2L",5604,5966
"MYLK",1803,2189
"MT2A",7742,8094
"COL8A1",8963,3988
"PTCH2",8827,1225
"FGR",980,1552
"DENND2A",4857,5917
"C19orf18",797,6140
"LOXHD1",8204,18
"CENPI",2979,1858
"GAPDHS",3132,8272
"BEX1",7194,4034
"NODAL",3613,201
"NAP1L1",1389,1641
"HTR4",6718,6613
"NEAT1",4361,8540
"ST6GALNAC5",899,5676
"CCL3L3",8982,6588
"FCN1",3739,760
"SH3BGRL3",5773,4762
"KRTAP5-7",7942,4333
"CRB2",6962,6261
"COL13A1",5277,2016
"KRT86",9295,3853
"GP6",4592,4153
"IL4R",8066,4400
"BTBD18",6925,9709
"CCDC42",4046,3577
